,epoch,loss,lr
0,0,6.9004950822054685,0.01
1,1,0.6042829630794105,0.01
2,2,0.4864270042853205,0.01
3,3,0.27182840945936004,0.01
4,4,1.0470463719946885,0.01
5,5,1.640615236636374,0.01
6,6,1.239357512373795,0.01
7,7,0.5170240795753441,0.001
8,8,0.0753604126252937,0.001
9,9,0.06870430981383843,0.001
10,10,0.13700626078711262,0.001
11,11,0.15722914952153466,0.001
12,12,0.16218175987581882,0.001
13,13,0.23510695080791205,0.0001
14,14,0.15217289572782508,0.0001
