,epoch,accuracy,loss,lr
0,0,50.3021978021978,0.6952537682030228,0.01
1,1,52.00549450549451,1.305572198642479,0.01
2,2,54.6565934065934,1.4791428254855858,0.01
3,3,50.74175824175824,4.093641383831318,0.01
4,4,51.043956043956044,3.8808405221163573,0.001
5,5,58.269230769230774,1.9350358344041385,0.001
6,6,60.05494505494505,1.7849617400012174,0.001
7,7,59.793956043956044,1.897024474628679,0.001
