,epoch,accuracy,loss,lr
0,0,68.9010989010989,2.091962856092145,0.01
1,1,68.5989010989011,3.1238117492147257,0.01
2,2,62.88461538461539,6.634923679666564,0.01
3,3,70.56318681318682,6.7556802646300715,0.01
4,4,63.818681318681314,7.423726085249368,0.001
5,5,67.9532967032967,3.2330137033867206,0.001
6,6,68.02197802197803,3.563339316608569,0.001
7,7,68.8598901098901,2.474868216086317,0.001
