,epoch,loss,lr
0,0,1.0098119951915323,0.01
1,1,11.269901961611028,0.01
2,2,6.2669889770056075,0.01
3,3,0.7771447692874286,0.01
4,4,1.0436337442168935,0.01
5,5,0.03420198557232134,0.01
6,6,0.10855648524135401,0.01
7,7,0.0772082020819535,0.01
8,8,0.05263856414573416,0.01
9,9,0.03756365973946582,0.001
