,epoch,loss,lr
0,0,80.67722279990039,1e-06
1,1,83.22179497680291,1e-06
2,2,77.56387825445633,1e-06
3,3,78.77258049672815,1e-06
4,4,79.8448339720975,1e-06
