,epoch,loss,lr
0,0,45.076865541040895,0.001
1,1,192.17763208389283,0.001
2,2,237.41897095499166,0.001
3,3,216.25133142190674,0.001
4,4,124.02499631988816,0.0001
5,5,8.592019613125983,0.0001
6,6,7.5421349168972425,0.0001
7,7,7.911367700173287,0.0001
8,8,4.914876770274714,0.0001
9,9,7.086466915442142,0.0001
10,10,6.651617195691215,0.0001
11,11,5.7295687553457295,0.0001
12,12,6.023795058144436,1e-05
13,13,8.266919390880236,1e-05
14,14,9.061915007691956,1e-05
