,epoch,loss,lr
0,0,4.649658788492938,0.01
1,1,5.445351948996408,0.01
