,epoch,loss,lr
0,0,0.8090668332636656,0.01
1,1,1.95583897544511,0.01
2,2,2.9569528067306656,0.01
3,3,1.5496979641667263,0.01
4,4,1.0528002976622415,0.001
5,5,1.9554969363906725,0.001
6,6,1.2229041568232915,0.001
7,7,1.7255031695430303,0.001
8,8,1.0466726095258871,0.0001
9,9,1.0303921813482242,0.0001
