,epoch,loss,lr
0,0,1.9086474397405981,0.001
1,1,50.64724270534709,0.001
2,2,56.00520795131684,0.001
3,3,575.7143639346095,0.001
4,4,1740.694375,0.0001
5,5,655.3659523872236,0.0001
6,6,178.43694179444776,0.0001
7,7,105.75768159881194,0.0001
8,8,47.07788338554791,1e-05
9,9,21.692890745148294,1e-05
