,epoch,loss,lr
0,0,4.716616218559967,0.01
1,1,2.0489964656596826,0.01
2,2,9.198888877729638,0.01
3,3,8.022308515878576,0.01
4,4,15.199447364800882,0.01
5,5,16.411548687230653,0.001
6,6,9.686058286831926,0.001
7,7,7.415977666313126,0.001
8,8,4.491512079861949,0.001
9,9,3.4328991418789574,0.0001
