,epoch,loss,lr
0,0,0.6949367523193359,0.001
1,1,2.5569742560386657,0.001
2,2,24.290356825590134,0.001
3,3,1758.8627450075,0.001
4,4,660.7060009121894,0.0001
5,5,184.08823826204986,0.0001
6,6,36.01245992295444,0.0001
7,7,17.844446581210942,0.0001
8,8,7.5218848645221446,1e-05
9,9,6.91171973423101,1e-05
